Insert into department (id, name)
values (1, "Development");

Insert into department (id, name)
values (2, "Sales");

Insert into department (id, name)
values (3, "Legal");

Insert into employee (first_name, last_name, roll_id, manager_id)
values ("Rachel", "Humble", 3, 5);

Insert into employee (first_name, last_name, roll_id, manager_id)
values ("Micah", "Berman", 5, 5);

Insert into employee (first_name, last_name, roll_id, manager_id)
values ("Takiya", "Brown", 1, 6);

Insert into employee (first_name, last_name, roll_id, manager_id)
values ("Dillon", "Burgess", 7, 7);

Insert into employee (id, first_name, last_name, roll_id)
values (5, "Sydney", "Loy", 8);

Insert into employee (id, first_name, last_name, roll_id)
values (6, "Christian", "Burge", 9);

Insert into employee (id, first_name, last_name, roll_id)
values (7, "Dan", "Bakley", 10);



Insert into roll (title, salary, department_id)
values ("Sales Lead", 60000, 2);

Insert into roll (itle, salary, department_id)
values ("Sales Person", 50000, 2);

Insert into roll (title, salary, department_id)
values ("Lead Engineer", 90000, 1);

Insert into roll (title, salary, department_id)
values ("Legal Team Lead", 100000, 3);

Insert into roll (title, salary, department_id)
values ("Software Engineer", 70000, 1);

Insert into roll (title, salary, department_id)
values ("Accountant", 70000, 2);

Insert into roll (title, salary, department_id)
values ("Lawyer", 85000, 3);

Insert into roll (title, salary, department_id)
values ("Dev Manager", 90000, 1);

Insert into roll (title, salary, department_id)
values ("Sales Manager", 90000, 200);

Insert into roll (title, salary, department_id)
values ("Legal Manager", 90000, 3);

Insert into roll (title, salary, department_id)
values ("Account Manager", 80000, 2);